Sno,lang,title,url,lang_small
0,A# .NET,A Sharp (.NET),https://en.wikipedia.org/wiki/A_Sharp_(.NET),a# .net
1,A# (Axiom),A Sharp (Axiom),https://en.wikipedia.org/wiki/A_Sharp_(Axiom),a# (axiom)
2,A-0 System,A-0 System,https://en.wikipedia.org/wiki/A-0_System,a-0 system
3,A+,A+ (programming language),https://en.wikipedia.org/wiki/A%2B_(programming_language),a+
4,A++,A++,https://en.wikipedia.org/wiki/A%2B%2B,a++
5,ABAP,ABAP,https://en.wikipedia.org/wiki/ABAP,abap
6,ABC,ABC (programming language),https://en.wikipedia.org/wiki/ABC_(programming_language),abc
7,ABC ALGOL,ABC ALGOL,https://en.wikipedia.org/wiki/ABC_ALGOL,abc algol
8,ABSET,ABSET,https://en.wikipedia.org/wiki/ABSET,abset
9,ABSYS,ABSYS,https://en.wikipedia.org/wiki/ABSYS,absys
10,ACC,ACC (programming language),https://en.wikipedia.org/wiki/ACC_(programming_language),acc
11,Accent,Accent (programming language),https://en.wikipedia.org/wiki/Accent_(programming_language),accent
12,Ace DASL (Distributed Application Specification Language),Distributed Application Specification Language,https://en.wikipedia.org/wiki/Distributed_Application_Specification_Language,ace dasl (distributed application specification language)
13,ACL2,ACL2,https://en.wikipedia.org/wiki/ACL2,acl2
14,ACT-III,LGP-30,https://en.wikipedia.org/wiki/LGP-30#ACT-III_programming_language,act-iii
15,Action!,Action! (programming language),https://en.wikipedia.org/wiki/Action!_(programming_language),action!
16,ActionScript,ActionScript,https://en.wikipedia.org/wiki/ActionScript,actionscript
17,Actor,Actor (programming language),https://en.wikipedia.org/wiki/Actor_(programming_language),actor
18,Ada,Ada (programming language),https://en.wikipedia.org/wiki/Ada_(programming_language),ada
19,Adenine,Adenine (programming language),https://en.wikipedia.org/wiki/Adenine_(programming_language),adenine
20,Agda,Agda (theorem prover),https://en.wikipedia.org/wiki/Agda_(theorem_prover),agda
21,Agilent VEE,Agilent VEE,https://en.wikipedia.org/wiki/Agilent_VEE,agilent vee
22,Agora,Agora (programming language),https://en.wikipedia.org/wiki/Agora_(programming_language),agora
23,AIMMS,AIMMS,https://en.wikipedia.org/wiki/AIMMS,aimms
24,Aldor,Aldor,https://en.wikipedia.org/wiki/Aldor,aldor
25,Alef,Alef (programming language),https://en.wikipedia.org/wiki/Alef_(programming_language),alef
26,ALF,Algebraic Logic Functional programming language,https://en.wikipedia.org/wiki/Algebraic_Logic_Functional_programming_language,alf
27,ALGOL 58,ALGOL 58,https://en.wikipedia.org/wiki/ALGOL_58,algol 58
28,ALGOL 60,ALGOL 60,https://en.wikipedia.org/wiki/ALGOL_60,algol 60
29,ALGOL 68,ALGOL 68,https://en.wikipedia.org/wiki/ALGOL_68,algol 68
30,ALGOL W,ALGOL W,https://en.wikipedia.org/wiki/ALGOL_W,algol w
31,Alice,Alice (programming language),https://en.wikipedia.org/wiki/Alice_(programming_language),alice
32,Alma-0,Alma-0,https://en.wikipedia.org/wiki/Alma-0,alma-0
33,AmbientTalk,AmbientTalk,https://en.wikipedia.org/wiki/AmbientTalk,ambienttalk
34,Amiga E,Amiga E,https://en.wikipedia.org/wiki/Amiga_E,amiga e
35,AMOS,AMOS (programming language),https://en.wikipedia.org/wiki/AMOS_(programming_language),amos
36,AMPL,AMPL,https://en.wikipedia.org/wiki/AMPL,ampl
37,AngelScript,AngelScript,https://en.wikipedia.org/wiki/AngelScript,angelscript
38,Apex,Apex (programming language),https://en.wikipedia.org/wiki/Apex_(programming_language),apex
39,APL,APL (programming language),https://en.wikipedia.org/wiki/APL_(programming_language),apl
40,App Inventor for Android's visual block language,App Inventor for Android (programming language),https://en.wikipedia.org/wiki/App_Inventor_for_Android_(programming_language),app inventor for android's visual block language
41,AppleScript,AppleScript,https://en.wikipedia.org/wiki/AppleScript,applescript
42,APT,APT (programming language),https://en.wikipedia.org/wiki/APT_(programming_language),apt
43,Arc,Arc (programming language),https://en.wikipedia.org/wiki/Arc_(programming_language),arc
44,ARexx,ARexx,https://en.wikipedia.org/wiki/ARexx,arexx
45,Argus,Argus (programming language),https://en.wikipedia.org/wiki/Argus_(programming_language),argus
46,AspectJ,AspectJ,https://en.wikipedia.org/wiki/AspectJ,aspectj
47,Assembly language,Assembly language,https://en.wikipedia.org/wiki/Assembly_language,assembly language
48,ATS,ATS (programming language),https://en.wikipedia.org/wiki/ATS_(programming_language),ats
49,Ateji PX,Ateji PX,https://en.wikipedia.org/wiki/Ateji_PX,ateji px
50,AutoHotkey,AutoHotkey,https://en.wikipedia.org/wiki/AutoHotkey,autohotkey
51,Autocoder,Autocoder,https://en.wikipedia.org/wiki/Autocoder,autocoder
52,AutoIt,AutoIt,https://en.wikipedia.org/wiki/AutoIt,autoit
53,AutoLISP / Visual LISP,AutoLISP,https://en.wikipedia.org/wiki/AutoLISP,autolisp / visual lisp
54,Averest,Averest,https://en.wikipedia.org/wiki/Averest,averest
55,AWK,AWK,https://en.wikipedia.org/wiki/AWK,awk
56,Axum,Axum (programming language),https://en.wikipedia.org/wiki/Axum_(programming_language),axum
57,Active Server Pages,Active Server Pages,https://en.wikipedia.org/wiki/Active_Server_Pages,active server pages
58,B,B (programming language),https://en.wikipedia.org/wiki/B_(programming_language),b
59,Babbage,Babbage (programming language),https://en.wikipedia.org/wiki/Babbage_(programming_language),babbage
60,Bash,Bash (Unix shell),https://en.wikipedia.org/wiki/Bash_(Unix_shell),bash
61,BASIC,BASIC,https://en.wikipedia.org/wiki/BASIC,basic
62,bc,Bc (programming language),https://en.wikipedia.org/wiki/Bc_(programming_language),bc
63,BCPL,BCPL,https://en.wikipedia.org/wiki/BCPL,bcpl
64,BeanShell,BeanShell,https://en.wikipedia.org/wiki/BeanShell,beanshell
65,Batch (Windows/Dos),Batch file,https://en.wikipedia.org/wiki/Batch_file,batch (windows/dos)
66,Bertrand,Bertrand (programming language),https://en.wikipedia.org/wiki/Bertrand_(programming_language),bertrand
67,BETA,BETA (programming language),https://en.wikipedia.org/wiki/BETA_(programming_language),beta
68,Bistro,Bistro (programming language),https://en.wikipedia.org/wiki/Bistro_(programming_language),bistro
69,BLISS,BLISS (programming language),https://en.wikipedia.org/wiki/BLISS_(programming_language),bliss
70,Blockly,Blockly,https://en.wikipedia.org/wiki/Blockly,blockly
71,BlooP,BlooP and FlooP,https://en.wikipedia.org/wiki/BlooP_and_FlooP,bloop
72,Boo,Boo (programming language),https://en.wikipedia.org/wiki/Boo_(programming_language),boo
73,Boomerang,Boomerang (programming language),https://en.wikipedia.org/wiki/Boomerang_(programming_language),boomerang
74,Bourne shell,Bourne shell,https://en.wikipedia.org/wiki/Bourne_shell,bourne shell
75,bash,Bash (Unix shell),https://en.wikipedia.org/wiki/Bash_(Unix_shell),bash
76,ksh,Korn shell,https://en.wikipedia.org/wiki/Korn_shell,ksh
77,BPEL,Business Process Execution Language,https://en.wikipedia.org/wiki/Business_Process_Execution_Language,bpel
78,Business Basic,Business Basic,https://en.wikipedia.org/wiki/Business_Basic,business basic
79,C,C (programming language),https://en.wikipedia.org/wiki/C_(programming_language),c
80,C--,C--,https://en.wikipedia.org/wiki/C--,c--
81,C++,C++,https://en.wikipedia.org/wiki/C%2B%2B,c++
82,C#,C Sharp (programming language),https://en.wikipedia.org/wiki/C_Sharp_(programming_language),c#
83,C/AL,C/AL,https://en.wikipedia.org/wiki/C/AL,c/al
84,Caché ObjectScript,Caché ObjectScript,https://en.wikipedia.org/wiki/Cach%C3%A9_ObjectScript,caché objectscript
85,C Shell (csh),C Shell,https://en.wikipedia.org/wiki/C_Shell,c shell (csh)
86,Caml,Caml,https://en.wikipedia.org/wiki/Caml,caml
87,Calcpad,,https://en.wikipedia.orghttps://calcpad.blog/the-calcpad-language,calcpad
88,Cayenne,Cayenne (programming language),https://en.wikipedia.org/wiki/Cayenne_(programming_language),cayenne
89,CDuce,CDuce,https://en.wikipedia.org/wiki/CDuce,cduce
90,Cecil,Cecil (programming language),https://en.wikipedia.org/wiki/Cecil_(programming_language),cecil
91,Cesil,Cesil,https://en.wikipedia.org/wiki/Cesil,cesil
92,Céu,Céu (programming language),https://en.wikipedia.org/wiki/C%C3%A9u_(programming_language),céu
93,Ceylon,Ceylon (programming language),https://en.wikipedia.org/wiki/Ceylon_(programming_language),ceylon
94,CFEngine,CFEngine,https://en.wikipedia.org/wiki/CFEngine,cfengine
95,Cg,Cg (programming language),https://en.wikipedia.org/wiki/Cg_(programming_language),cg
96,Ch,Ch (computer programming),https://en.wikipedia.org/wiki/Ch_(computer_programming),ch
97,Chapel,Chapel (programming language),https://en.wikipedia.org/wiki/Chapel_(programming_language),chapel
98,Charity,Charity (programming language),https://en.wikipedia.org/wiki/Charity_(programming_language),charity
99,Charm,Charm (language),https://en.wikipedia.org/wiki/Charm_(language),charm
100,CHILL,CHILL,https://en.wikipedia.org/wiki/CHILL,chill
101,CHIP-8,CHIP-8,https://en.wikipedia.org/wiki/CHIP-8,chip-8
102,chomski,Chomski,https://en.wikipedia.org/wiki/Chomski,chomski
103,ChucK,ChucK,https://en.wikipedia.org/wiki/ChucK,chuck
104,Cilk,Cilk,https://en.wikipedia.org/wiki/Cilk,cilk
105,Citrine,Citrine (programming language),https://en.wikipedia.org/wiki/Citrine_(programming_language),citrine
106,CL,AS/400 Control Language,https://en.wikipedia.org/wiki/AS/400_Control_Language,cl
107,Claire,Claire (programming language),https://en.wikipedia.org/wiki/Claire_(programming_language),claire
108,Clarion,Clarion (programming language),https://en.wikipedia.org/wiki/Clarion_(programming_language),clarion
109,Clean,Clean (programming language),https://en.wikipedia.org/wiki/Clean_(programming_language),clean
110,Clipper,Clipper (programming language),https://en.wikipedia.org/wiki/Clipper_(programming_language),clipper
111,CLIPS,CLIPS (programming language),https://en.wikipedia.org/wiki/CLIPS_(programming_language),clips
112,CLIST,CLIST,https://en.wikipedia.org/wiki/CLIST,clist
113,Clojure,Clojure,https://en.wikipedia.org/wiki/Clojure,clojure
114,CLU,CLU (programming language),https://en.wikipedia.org/wiki/CLU_(programming_language),clu
115,CMS-2,CMS-2 (programming language),https://en.wikipedia.org/wiki/CMS-2_(programming_language),cms-2
116,COBOL,COBOL,https://en.wikipedia.org/wiki/COBOL,cobol
117,CobolScript,CobolScript,https://en.wikipedia.org/wiki/CobolScript,cobolscript
118,Cobra,Cobra (programming language),https://en.wikipedia.org/wiki/Cobra_(programming_language),cobra
119,CoffeeScript,CoffeeScript,https://en.wikipedia.org/wiki/CoffeeScript,coffeescript
120,ColdFusion,ColdFusion,https://en.wikipedia.org/wiki/ColdFusion,coldfusion
121,COMAL,COMAL,https://en.wikipedia.org/wiki/COMAL,comal
122,Combined Programming Language,Combined Programming Language,https://en.wikipedia.org/wiki/Combined_Programming_Language,combined programming language
123,COMIT,COMIT,https://en.wikipedia.org/wiki/COMIT,comit
124,Common Intermediate Language,Common Intermediate Language,https://en.wikipedia.org/wiki/Common_Intermediate_Language,common intermediate language
125,Common Lisp,Common Lisp,https://en.wikipedia.org/wiki/Common_Lisp,common lisp
126,COMPASS,COMPASS,https://en.wikipedia.org/wiki/COMPASS,compass
127,Component Pascal,Component Pascal,https://en.wikipedia.org/wiki/Component_Pascal,component pascal
128,Constraint Handling Rules,Constraint Handling Rules,https://en.wikipedia.org/wiki/Constraint_Handling_Rules,constraint handling rules
129,COMTRAN,COMTRAN,https://en.wikipedia.org/wiki/COMTRAN,comtran
130,Converge,Converge (programming language),https://en.wikipedia.org/wiki/Converge_(programming_language),converge
131,Cool,Cool (programming language),https://en.wikipedia.org/wiki/Cool_(programming_language),cool
132,Coq,Coq,https://en.wikipedia.org/wiki/Coq,coq
133,Coral 66,Coral 66,https://en.wikipedia.org/wiki/Coral_66,coral 66
134,CorVision,CorVision,https://en.wikipedia.org/wiki/CorVision,corvision
135,COWSEL,COWSEL,https://en.wikipedia.org/wiki/COWSEL,cowsel
136,CPL,CPL (programming language),https://en.wikipedia.org/wiki/CPL_(programming_language),cpl
137,Cryptol,Cryptol,https://en.wikipedia.org/wiki/Cryptol,cryptol
138,Crystal,Crystal (programming language),https://en.wikipedia.org/wiki/Crystal_(programming_language),crystal
139,Csound,Csound,https://en.wikipedia.org/wiki/Csound,csound
140,CSP,Communicating sequential processes,https://en.wikipedia.org/wiki/Communicating_sequential_processes,csp
141,CUDA,CUDA,https://en.wikipedia.org/wiki/CUDA,cuda
142,Cuneiform,Cuneiform (programming language),https://en.wikipedia.org/wiki/Cuneiform_(programming_language),cuneiform
143,Curl,Curl (programming language),https://en.wikipedia.org/wiki/Curl_(programming_language),curl
144,Curry,Curry (programming language),https://en.wikipedia.org/wiki/Curry_(programming_language),curry
145,Cybil,Cybil (programming language),https://en.wikipedia.org/wiki/Cybil_(programming_language),cybil
146,Cyclone,Cyclone (programming language),https://en.wikipedia.org/wiki/Cyclone_(programming_language),cyclone
147,Cython,Cython,https://en.wikipedia.org/wiki/Cython,cython
148,D,D (programming language),https://en.wikipedia.org/wiki/D_(programming_language),d
149,DASL,Datapoint's Advanced Systems Language,https://en.wikipedia.org/wiki/Datapoint%27s_Advanced_Systems_Language,dasl
150,Dart,Dart (programming language),https://en.wikipedia.org/wiki/Dart_(programming_language),dart
151,Darwin,Darwin (programming language),https://en.wikipedia.org/wiki/Darwin_(programming_language),darwin
152,DataFlex,DataFlex,https://en.wikipedia.org/wiki/DataFlex,dataflex
153,Datalog,Datalog,https://en.wikipedia.org/wiki/Datalog,datalog
154,DATATRIEVE,DATATRIEVE,https://en.wikipedia.org/wiki/DATATRIEVE,datatrieve
155,dBase,DBase,https://en.wikipedia.org/wiki/DBase,dbase
156,dc,Dc (computer program),https://en.wikipedia.org/wiki/Dc_(computer_program),dc
157,DCL,DIGITAL Command Language,https://en.wikipedia.org/wiki/DIGITAL_Command_Language,dcl
158,Delphi,Delphi (programming language),https://en.wikipedia.org/wiki/Delphi_(programming_language),delphi
159,DinkC,Dink Smallwood,https://en.wikipedia.org/wiki/Dink_Smallwood#Modification,dinkc
160,DIBOL,DIBOL,https://en.wikipedia.org/wiki/DIBOL,dibol
161,Dog,Dog (programming language),https://en.wikipedia.org/wiki/Dog_(programming_language),dog
162,Draco,Draco (programming language),https://en.wikipedia.org/wiki/Draco_(programming_language),draco
163,DRAKON,DRAKON,https://en.wikipedia.org/wiki/DRAKON,drakon
164,Dylan,Dylan (programming language),https://en.wikipedia.org/wiki/Dylan_(programming_language),dylan
165,DYNAMO,DYNAMO (programming language),https://en.wikipedia.org/wiki/DYNAMO_(programming_language),dynamo
166,DAX (Data Analysis Expressions),Data analysis expressions,https://en.wikipedia.org/wiki/Data_analysis_expressions,dax (data analysis expressions)
167,E,E (programming language),https://en.wikipedia.org/wiki/E_(programming_language),e
168,Ease,Ease (programming language),https://en.wikipedia.org/wiki/Ease_(programming_language),ease
169,Easy PL/I,PL/I,https://en.wikipedia.org/wiki/PL/I,easy pl/i
170,EASYTRIEVE PLUS,Easytrieve,https://en.wikipedia.org/wiki/Easytrieve,easytrieve plus
171,eC,EC (programming language),https://en.wikipedia.org/wiki/EC_(programming_language),ec
172,ECMAScript,ECMAScript,https://en.wikipedia.org/wiki/ECMAScript,ecmascript
173,Edinburgh IMP,Edinburgh IMP,https://en.wikipedia.org/wiki/Edinburgh_IMP,edinburgh imp
174,EGL,EGL (programming language),https://en.wikipedia.org/wiki/EGL_(programming_language),egl
175,Eiffel,Eiffel (programming language),https://en.wikipedia.org/wiki/Eiffel_(programming_language),eiffel
176,ELAN,ELAN (programming language),https://en.wikipedia.org/wiki/ELAN_(programming_language),elan
177,Elixir,Elixir (programming language),https://en.wikipedia.org/wiki/Elixir_(programming_language),elixir
178,Elm,Elm (programming language),https://en.wikipedia.org/wiki/Elm_(programming_language),elm
179,Emacs Lisp,Emacs Lisp,https://en.wikipedia.org/wiki/Emacs_Lisp,emacs lisp
180,Emerald,Emerald (programming language),https://en.wikipedia.org/wiki/Emerald_(programming_language),emerald
181,Epigram,Epigram (programming language),https://en.wikipedia.org/wiki/Epigram_(programming_language),epigram
182,EPL (Easy Programming Language),Easy Programming Language,https://en.wikipedia.org/wiki/Easy_Programming_Language,epl (easy programming language)
183,EPL (Eltron Programming Language),Eltron Programming Language,https://en.wikipedia.org/wiki/Eltron_Programming_Language,epl (eltron programming language)
184,Erlang,Erlang (programming language),https://en.wikipedia.org/wiki/Erlang_(programming_language),erlang
185,es,Es (Unix shell),https://en.wikipedia.org/wiki/Es_(Unix_shell),es
186,Escher,Escher (programming language),https://en.wikipedia.org/wiki/Escher_(programming_language),escher
187,ESPOL,Executive Systems Problem Oriented Language,https://en.wikipedia.org/wiki/Executive_Systems_Problem_Oriented_Language,espol
188,Esterel,Esterel,https://en.wikipedia.org/wiki/Esterel,esterel
189,Etoys,Etoys (programming language),https://en.wikipedia.org/wiki/Etoys_(programming_language),etoys
190,Euclid,Euclid (programming language),https://en.wikipedia.org/wiki/Euclid_(programming_language),euclid
191,Euler,Euler (programming language),https://en.wikipedia.org/wiki/Euler_(programming_language),euler
192,Euphoria,Euphoria (programming language),https://en.wikipedia.org/wiki/Euphoria_(programming_language),euphoria
193,EusLisp Robot Programming Language,EusLisp Robot Programming Language,https://en.wikipedia.org/wiki/EusLisp_Robot_Programming_Language,euslisp robot programming language
194,CMS EXEC,CMS EXEC,https://en.wikipedia.org/wiki/CMS_EXEC,cms exec
195,EXEC 2,EXEC 2,https://en.wikipedia.org/wiki/EXEC_2,exec 2
196,Executable UML,Executable UML,https://en.wikipedia.org/wiki/Executable_UML,executable uml
197,F,F (programming language),https://en.wikipedia.org/wiki/F_(programming_language),f
198,F#,F Sharp (programming language),https://en.wikipedia.org/wiki/F_Sharp_(programming_language),f#
199,F*,F* (programming language),https://en.wikipedia.org/wiki/F*_(programming_language),f*
200,Factor,Factor (programming language),https://en.wikipedia.org/wiki/Factor_(programming_language),factor
201,Falcon,Falcon (programming language),https://en.wikipedia.org/wiki/Falcon_(programming_language),falcon
202,Fantom,Fantom (programming language),https://en.wikipedia.org/wiki/Fantom_(programming_language),fantom
203,FAUST,FAUST (programming language),https://en.wikipedia.org/wiki/FAUST_(programming_language),faust
204,FFP,FFP (programming language),https://en.wikipedia.org/wiki/FFP_(programming_language),ffp
205,Fjölnir,Fjölnir (programming language),https://en.wikipedia.org/wiki/Fj%C3%B6lnir_(programming_language),fjölnir
206,FL,FL (programming language),https://en.wikipedia.org/wiki/FL_(programming_language),fl
207,Flavors,Flavors (programming language),https://en.wikipedia.org/wiki/Flavors_(programming_language),flavors
208,Flex,Flex (language),https://en.wikipedia.org/wiki/Flex_(language),flex
209,FlooP,BlooP and FlooP,https://en.wikipedia.org/wiki/BlooP_and_FlooP,floop
210,FLOW-MATIC,FLOW-MATIC,https://en.wikipedia.org/wiki/FLOW-MATIC,flow-matic
211,FOCAL,FOCAL (programming language),https://en.wikipedia.org/wiki/FOCAL_(programming_language),focal
212,FOCUS,FOCUS,https://en.wikipedia.org/wiki/FOCUS,focus
213,FOIL,FOIL (programming language),https://en.wikipedia.org/wiki/FOIL_(programming_language),foil
214,FORMAC,FORMAC (programming language),https://en.wikipedia.org/wiki/FORMAC_(programming_language),formac
215,@Formula,Formula language,https://en.wikipedia.org/wiki/Formula_language,@formula
216,Forth,Forth (programming language),https://en.wikipedia.org/wiki/Forth_(programming_language),forth
217,Fortran,Fortran,https://en.wikipedia.org/wiki/Fortran,fortran
218,Fortress,Fortress (programming language),https://en.wikipedia.org/wiki/Fortress_(programming_language),fortress
219,FoxBase,FoxBase,https://en.wikipedia.org/wiki/FoxBase,foxbase
220,FoxPro,FoxPro,https://en.wikipedia.org/wiki/FoxPro,foxpro
221,FP,FP (programming language),https://en.wikipedia.org/wiki/FP_(programming_language),fp
222,Franz Lisp,Franz Lisp,https://en.wikipedia.org/wiki/Franz_Lisp,franz lisp
223,Frege,Frege (programming language),https://en.wikipedia.org/wiki/Frege_(programming_language),frege
224,F-Script,F-Script (programming language),https://en.wikipedia.org/wiki/F-Script_(programming_language),f-script
225,Graphical G Programming Language,Graphical G Programming Language (page does not exist),https://en.wikipedia.org/w/index.php?title=Graphical_G_Programming_Language&action=edit&redlink=1,graphical g programming language
226,G,G (programming language),https://en.wikipedia.org/wiki/G_(programming_language),g
227,Game Maker Language,Game Maker Language,https://en.wikipedia.org/wiki/Game_Maker_Language,game maker language
228,GameMonkey Script,GameMonkey Script,https://en.wikipedia.org/wiki/GameMonkey_Script,gamemonkey script
229,GAMS,General Algebraic Modeling System,https://en.wikipedia.org/wiki/General_Algebraic_Modeling_System,gams
230,GAP,GAP computer algebra system,https://en.wikipedia.org/wiki/GAP_computer_algebra_system,gap
231,G-code,G-code,https://en.wikipedia.org/wiki/G-code,g-code
232,GDScript,GDScript,https://en.wikipedia.org/wiki/GDScript,gdscript
233,Genie,Genie (programming language),https://en.wikipedia.org/wiki/Genie_(programming_language),genie
234,GDL,Geometric Description Language,https://en.wikipedia.org/wiki/Geometric_Description_Language,gdl
235,GJ,Generic Java,https://en.wikipedia.org/wiki/Generic_Java,gj
236,GEORGE,GEORGE (programming language),https://en.wikipedia.org/wiki/GEORGE_(programming_language),george
237,GLSL,GLSL,https://en.wikipedia.org/wiki/GLSL,glsl
238,GNU E,GNU E,https://en.wikipedia.org/wiki/GNU_E,gnu e
239,GM,Golden master,https://en.wikipedia.org/wiki/Golden_master,gm
240,Go,Go (programming language),https://en.wikipedia.org/wiki/Go_(programming_language),go
241,Go!,Go! (programming language),https://en.wikipedia.org/wiki/Go!_(programming_language),go!
242,GOAL,Game Oriented Assembly Lisp,https://en.wikipedia.org/wiki/Game_Oriented_Assembly_Lisp,goal
243,Gödel,Gödel (programming language),https://en.wikipedia.org/wiki/G%C3%B6del_(programming_language),gödel
244,Golo,Golo (programming language),https://en.wikipedia.org/wiki/Golo_(programming_language),golo
245,GOM (Good Old Mad),MAD (programming language),https://en.wikipedia.org/wiki/MAD_(programming_language),gom (good old mad)
246,Google Apps Script,Google Apps Script,https://en.wikipedia.org/wiki/Google_Apps_Script,google apps script
247,Gosu,Gosu (programming language),https://en.wikipedia.org/wiki/Gosu_(programming_language),gosu
248,GOTRAN,IBM 1620,https://en.wikipedia.org/wiki/IBM_1620#GOTRAN,gotran
249,GPSS,GPSS,https://en.wikipedia.org/wiki/GPSS,gpss
250,GraphTalk,Computer Sciences Corporation,https://en.wikipedia.org/wiki/Computer_Sciences_Corporation,graphtalk
251,GRASS,GRASS (programming language),https://en.wikipedia.org/wiki/GRASS_(programming_language),grass
252,Groovy,Groovy (programming language),https://en.wikipedia.org/wiki/Groovy_(programming_language),groovy
253,Hack,Hack (programming language),https://en.wikipedia.org/wiki/Hack_(programming_language),hack
254,HAGGIS,HAGGIS,https://en.wikipedia.org/wiki/HAGGIS,haggis
255,HAL/S,HAL/S,https://en.wikipedia.org/wiki/HAL/S,hal/s
256,Halide (programming language),Halide (programming language),https://en.wikipedia.org/wiki/Halide_(programming_language),halide (programming language)
257,Hamilton C shell,Hamilton C shell,https://en.wikipedia.org/wiki/Hamilton_C_shell,hamilton c shell
258,Harbour,Harbour (software),https://en.wikipedia.org/wiki/Harbour_(software),harbour
259,Hartmann pipelines,Hartmann pipeline,https://en.wikipedia.org/wiki/Hartmann_pipeline,hartmann pipelines
260,Haskell,Haskell (programming language),https://en.wikipedia.org/wiki/Haskell_(programming_language),haskell
261,Haxe,Haxe,https://en.wikipedia.org/wiki/Haxe,haxe
262,Hermes,Hermes (programming language),https://en.wikipedia.org/wiki/Hermes_(programming_language),hermes
263,High Level Assembly,High Level Assembly,https://en.wikipedia.org/wiki/High_Level_Assembly,high level assembly
264,HLSL,High Level Shader Language,https://en.wikipedia.org/wiki/High_Level_Shader_Language,hlsl
265,Hop,Hop (software),https://en.wikipedia.org/wiki/Hop_(software),hop
266,Hopscotch,Hopscotch (programming language),https://en.wikipedia.org/wiki/Hopscotch_(programming_language),hopscotch
267,Hope,Hope (programming language),https://en.wikipedia.org/wiki/Hope_(programming_language),hope
268,Hugo,Hugo (programming language),https://en.wikipedia.org/wiki/Hugo_(programming_language),hugo
269,Hume,Hume (language),https://en.wikipedia.org/wiki/Hume_(language),hume
270,HyperTalk,HyperTalk,https://en.wikipedia.org/wiki/HyperTalk,hypertalk
271,Hexa,Hexa,https://en.wikipedia.org/wiki/Hexa,hexa
272,Io,Io (programming language),https://en.wikipedia.org/wiki/Io_(programming_language),io
273,Icon (programming language),Icon (programming language),https://en.wikipedia.org/wiki/Icon_(programming_language),icon (programming language)
274,IBM Basic assembly language,IBM Basic assembly language,https://en.wikipedia.org/wiki/IBM_Basic_assembly_language,ibm basic assembly language
275,IBM BASICA,IBM BASICA,https://en.wikipedia.org/wiki/IBM_BASICA,ibm basica
276,IBM HAScript,IBM HAScript,https://en.wikipedia.org/wiki/IBM_HAScript,ibm hascript
277,IBM Informix-4GL,IBM Informix-4GL,https://en.wikipedia.org/wiki/IBM_Informix-4GL,ibm informix-4gl
278,IBM RPG,IBM RPG,https://en.wikipedia.org/wiki/IBM_RPG,ibm rpg
279,IDL,IDL (programming language),https://en.wikipedia.org/wiki/IDL_(programming_language),idl
280,J,J (programming language),https://en.wikipedia.org/wiki/J_(programming_language),j
281,J#,J Sharp,https://en.wikipedia.org/wiki/J_Sharp,j#
282,J++,Visual J++,https://en.wikipedia.org/wiki/Visual_J%2B%2B,j++
283,JADE,JADE (programming language),https://en.wikipedia.org/wiki/JADE_(programming_language),jade
284,JAL,JAL (compiler),https://en.wikipedia.org/wiki/JAL_(compiler),jal
285,Janus (concurrent constraint programming language),Janus (concurrent constraint programming language),https://en.wikipedia.org/wiki/Janus_(concurrent_constraint_programming_language),janus (concurrent constraint programming language)
286,Janus (time-reversible computing programming language),Janus (time-reversible computing programming language),https://en.wikipedia.org/wiki/Janus_(time-reversible_computing_programming_language),janus (time-reversible computing programming language)
287,JASS,JASS,https://en.wikipedia.org/wiki/JASS,jass
288,Java,Java (programming language),https://en.wikipedia.org/wiki/Java_(programming_language),java
289,JavaScript,JavaScript,https://en.wikipedia.org/wiki/JavaScript,javascript
290,JCL,Job Control Language,https://en.wikipedia.org/wiki/Job_Control_Language,jcl
291,JEAN,JEAN,https://en.wikipedia.org/wiki/JEAN,jean
292,Join Java,Join Java,https://en.wikipedia.org/wiki/Join_Java,join java
293,JOSS,JOSS,https://en.wikipedia.org/wiki/JOSS,joss
294,Joule,Joule (programming language),https://en.wikipedia.org/wiki/Joule_(programming_language),joule
295,JOVIAL,JOVIAL,https://en.wikipedia.org/wiki/JOVIAL,jovial
296,Joy,Joy (programming language),https://en.wikipedia.org/wiki/Joy_(programming_language),joy
297,JScript,JScript,https://en.wikipedia.org/wiki/JScript,jscript
298,JScript .NET,JScript .NET,https://en.wikipedia.org/wiki/JScript_.NET,jscript .net
299,JavaFX Script,JavaFX Script,https://en.wikipedia.org/wiki/JavaFX_Script,javafx script
300,jq,Jq (programming language),https://en.wikipedia.org/wiki/Jq_(programming_language),jq
301,Julia,Julia (programming language),https://en.wikipedia.org/wiki/Julia_(programming_language),julia
302,Jython,Jython,https://en.wikipedia.org/wiki/Jython,jython
303,K,K (programming language),https://en.wikipedia.org/wiki/K_(programming_language),k
304,Kaleidoscope,Kaleidoscope (programming language),https://en.wikipedia.org/wiki/Kaleidoscope_(programming_language),kaleidoscope
305,Karel,Karel (programming language),https://en.wikipedia.org/wiki/Karel_(programming_language),karel
306,Karel++,Karel++,https://en.wikipedia.org/wiki/Karel%2B%2B,karel++
307,KEE,IntelliCorp (Software),https://en.wikipedia.org/wiki/IntelliCorp_(Software),kee
308,Kixtart,KiXtart,https://en.wikipedia.org/wiki/KiXtart,kixtart
309,Klerer-May System,Klerer-May System,https://en.wikipedia.org/wiki/Klerer-May_System,klerer-may system
310,KIF,Knowledge Interchange Format,https://en.wikipedia.org/wiki/Knowledge_Interchange_Format,kif
311,Kojo,Kojo (programming language),https://en.wikipedia.org/wiki/Kojo_(programming_language),kojo
312,Kotlin,Kotlin (programming language),https://en.wikipedia.org/wiki/Kotlin_(programming_language),kotlin
313,KRC,Kent Recursive Calculator,https://en.wikipedia.org/wiki/Kent_Recursive_Calculator,krc
314,KRL,KRL (programming language),https://en.wikipedia.org/wiki/KRL_(programming_language),krl
315,KUKA Robot Language,KUKA Robot Language,https://en.wikipedia.org/wiki/KUKA_Robot_Language,kuka robot language
316,KRYPTON,KRYPTON,https://en.wikipedia.org/wiki/KRYPTON,krypton
317,ksh,Korn shell,https://en.wikipedia.org/wiki/Korn_shell,ksh
318,Kodu,Kodu Game Lab,https://en.wikipedia.org/wiki/Kodu_Game_Lab,kodu
319,Kv,Kivy (framework),https://en.wikipedia.org/wiki/Kivy_(framework)#Kv_language,kv
320,L,L (programming language),https://en.wikipedia.org/wiki/L_(programming_language),l
321,LabVIEW,LabVIEW,https://en.wikipedia.org/wiki/LabVIEW,labview
322,Ladder,Ladder logic,https://en.wikipedia.org/wiki/Ladder_logic,ladder
323,Lagoona,Lagoona (programming language),https://en.wikipedia.org/wiki/Lagoona_(programming_language),lagoona
324,LANSA,LANSA (development environment),https://en.wikipedia.org/wiki/LANSA_(development_environment),lansa
325,Lasso,Lasso (programming language),https://en.wikipedia.org/wiki/Lasso_(programming_language),lasso
326,LaTeX,LaTeX,https://en.wikipedia.org/wiki/LaTeX,latex
327,Lava,Lava (programming language),https://en.wikipedia.org/wiki/Lava_(programming_language),lava
328,LC-3,LC-3,https://en.wikipedia.org/wiki/LC-3,lc-3
329,Leda,Leda (programming language),https://en.wikipedia.org/wiki/Leda_(programming_language),leda
330,Legoscript,Legoscript,https://en.wikipedia.org/wiki/Legoscript,legoscript
331,LIL,Little Implementation Language,https://en.wikipedia.org/wiki/Little_Implementation_Language,lil
332,LilyPond,LilyPond,https://en.wikipedia.org/wiki/LilyPond,lilypond
333,Limbo,Limbo (programming language),https://en.wikipedia.org/wiki/Limbo_(programming_language),limbo
334,Limnor,Limnor,https://en.wikipedia.org/wiki/Limnor,limnor
335,LINC,LINC 4GL,https://en.wikipedia.org/wiki/LINC_4GL,linc
336,Lingo,Lingo (programming language),https://en.wikipedia.org/wiki/Lingo_(programming_language),lingo
337,LIS,LIS (programming language),https://en.wikipedia.org/wiki/LIS_(programming_language),lis
338,LISA,Language for Instruction Set Architecture,https://en.wikipedia.org/wiki/Language_for_Instruction_Set_Architecture,lisa
339,Lisaac,Lisaac,https://en.wikipedia.org/wiki/Lisaac,lisaac
340,Lisp,Lisp (programming language),https://en.wikipedia.org/wiki/Lisp_(programming_language),lisp
341,Lite-C,Lite-C,https://en.wikipedia.org/wiki/Lite-C,lite-c
342,Lithe,Lithe (programming language),https://en.wikipedia.org/wiki/Lithe_(programming_language),lithe
343,Little b,Little b (programming language),https://en.wikipedia.org/wiki/Little_b_(programming_language),little b
344,LLL,Ethereum,https://en.wikipedia.org/wiki/Ethereum#Programming_languages,lll
345,Logo,Logo (programming language),https://en.wikipedia.org/wiki/Logo_(programming_language),logo
346,Logtalk,Logtalk,https://en.wikipedia.org/wiki/Logtalk,logtalk
347,LotusScript,LotusScript,https://en.wikipedia.org/wiki/LotusScript,lotusscript
348,LPC,LPC (programming language),https://en.wikipedia.org/wiki/LPC_(programming_language),lpc
349,LSE,LSE (programming language),https://en.wikipedia.org/wiki/LSE_(programming_language),lse
350,LSL,Linden Scripting Language,https://en.wikipedia.org/wiki/Linden_Scripting_Language,lsl
351,LiveCode,LiveCode,https://en.wikipedia.org/wiki/LiveCode,livecode
352,LiveScript,LiveScript,https://en.wikipedia.org/wiki/LiveScript,livescript
353,Lua,Lua (programming language),https://en.wikipedia.org/wiki/Lua_(programming_language),lua
354,Lucid,Lucid (programming language),https://en.wikipedia.org/wiki/Lucid_(programming_language),lucid
355,Lustre,Lustre (programming language),https://en.wikipedia.org/wiki/Lustre_(programming_language),lustre
356,LYaPAS,LYaPAS,https://en.wikipedia.org/wiki/LYaPAS,lyapas
357,Lynx,Lynx (programming language),https://en.wikipedia.org/wiki/Lynx_(programming_language),lynx
358,M (alternative name for the MUMPS programming language),MUMPS (programming language),https://en.wikipedia.org/wiki/MUMPS_(programming_language),m (alternative name for the mumps programming language)
359,M2000,M2000,https://en.wikipedia.org/wiki/M2000,m2000
360,M2001,M2001,https://en.wikipedia.org/wiki/M2001,m2001
361,M4,M4 (computer language),https://en.wikipedia.org/wiki/M4_(computer_language),m4
362,M#,M Sharp (programming language),https://en.wikipedia.org/wiki/M_Sharp_(programming_language),m#
363,Machine code,Machine code,https://en.wikipedia.org/wiki/Machine_code,machine code
364,MAD,MAD (programming language),https://en.wikipedia.org/wiki/MAD_(programming_language),mad
365,MAD/I,MAD (programming language),https://en.wikipedia.org/wiki/MAD_(programming_language),mad/i
366,Magik,Magik (programming language),https://en.wikipedia.org/wiki/Magik_(programming_language),magik
367,Magma,Magma computer algebra system,https://en.wikipedia.org/wiki/Magma_computer_algebra_system,magma
368,make,Make (software),https://en.wikipedia.org/wiki/Make_(software),make
369,Maude system,Maude system,https://en.wikipedia.org/wiki/Maude_system,maude system
370,Maple,Maple (software),https://en.wikipedia.org/wiki/Maple_(software),maple
371,MAPPER,MAPPER,https://en.wikipedia.org/wiki/MAPPER,mapper
372,MARK-IV,MARK IV (software),https://en.wikipedia.org/wiki/MARK_IV_(software),mark-iv
373,Mary,Mary (programming language),https://en.wikipedia.org/wiki/Mary_(programming_language),mary
374,MASM Microsoft Assembly x86,Microsoft Macro Assembler,https://en.wikipedia.org/wiki/Microsoft_Macro_Assembler,masm microsoft assembly x86
375,MATH-MATIC,MATH-MATIC,https://en.wikipedia.org/wiki/MATH-MATIC,math-matic
376,Mathematica,Mathematica,https://en.wikipedia.org/wiki/Mathematica,mathematica
377,MATLAB,MATLAB,https://en.wikipedia.org/wiki/MATLAB,matlab
378,Maxima,Maxima (software),https://en.wikipedia.org/wiki/Maxima_(software),maxima
379,Macsyma,Macsyma,https://en.wikipedia.org/wiki/Macsyma,macsyma
380,Max,Max (software),https://en.wikipedia.org/wiki/Max_(software),max
381,MaxScript,Autodesk 3ds Max,https://en.wikipedia.org/wiki/Autodesk_3ds_Max,maxscript
382,Maya (MEL),Maya Embedded Language,https://en.wikipedia.org/wiki/Maya_Embedded_Language,maya (mel)
383,MDL,MDL (programming language),https://en.wikipedia.org/wiki/MDL_(programming_language),mdl
384,Mercury,Mercury (programming language),https://en.wikipedia.org/wiki/Mercury_(programming_language),mercury
385,Mesa,Mesa (programming language),https://en.wikipedia.org/wiki/Mesa_(programming_language),mesa
386,Metafont,Metafont,https://en.wikipedia.org/wiki/Metafont,metafont
387,MetaQuotes Language (MQL4/MQL5),MetaQuotes Language MQL4/MQL5,https://en.wikipedia.org/wiki/MetaQuotes_Language_MQL4/MQL5,metaquotes language (mql4/mql5)
388,MHEG-5 (Interactive TV programming language),MHEG-5,https://en.wikipedia.org/wiki/MHEG-5,mheg-5 (interactive tv programming language)
389,Microcode,Microassembler,https://en.wikipedia.org/wiki/Microassembler,microcode
390,MicroScript,MicroScript (programming language),https://en.wikipedia.org/wiki/MicroScript_(programming_language),microscript
391,MIIS,MIIS (programming language),https://en.wikipedia.org/wiki/MIIS_(programming_language),miis
392,Milk (programming language),Milk (programming language),https://en.wikipedia.org/wiki/Milk_(programming_language),milk (programming language)
393,MIMIC,MIMIC,https://en.wikipedia.org/wiki/MIMIC,mimic
394,Mirah,Mirah (programming language),https://en.wikipedia.org/wiki/Mirah_(programming_language),mirah
395,Miranda,Miranda (programming language),https://en.wikipedia.org/wiki/Miranda_(programming_language),miranda
396,MIVA Script,MIVA Script,https://en.wikipedia.org/wiki/MIVA_Script,miva script
397,ML,ML (programming language),https://en.wikipedia.org/wiki/ML_(programming_language),ml
398,Model 204,Model 204,https://en.wikipedia.org/wiki/Model_204,model 204
399,Modelica,Modelica,https://en.wikipedia.org/wiki/Modelica,modelica
400,Modula,Modula,https://en.wikipedia.org/wiki/Modula,modula
401,Modula-2,Modula-2,https://en.wikipedia.org/wiki/Modula-2,modula-2
402,Modula-3,Modula-3,https://en.wikipedia.org/wiki/Modula-3,modula-3
403,Mohol,Mohol programming languages,https://en.wikipedia.org/wiki/Mohol_programming_languages,mohol
404,MOO,MOO (programming language),https://en.wikipedia.org/wiki/MOO_(programming_language),moo
405,Mortran,Mortran,https://en.wikipedia.org/wiki/Mortran,mortran
406,Mouse,Mouse (programming language),https://en.wikipedia.org/wiki/Mouse_(programming_language),mouse
407,MPD,MPD (programming language),https://en.wikipedia.org/wiki/MPD_(programming_language),mpd
408,Mathcad,Mathcad,https://en.wikipedia.org/wiki/Mathcad,mathcad
409,CIL,Common Intermediate Language,https://en.wikipedia.org/wiki/Common_Intermediate_Language,cil
410,MSL,MIRC scripting language,https://en.wikipedia.org/wiki/MIRC_scripting_language,msl
411,MUMPS,MUMPS,https://en.wikipedia.org/wiki/MUMPS,mumps
412,MuPAD,MuPAD,https://en.wikipedia.org/wiki/MuPAD,mupad
413,Mutan,Ethereum,https://en.wikipedia.org/wiki/Ethereum#Programming_languages,mutan
414,Mystic Programming Language,Mystic BBS,https://en.wikipedia.org/wiki/Mystic_BBS,mystic programming language
415,NASM,Netwide Assembler,https://en.wikipedia.org/wiki/Netwide_Assembler,nasm
416,Napier88,Napier88,https://en.wikipedia.org/wiki/Napier88,napier88
417,Neko,Neko (programming language),https://en.wikipedia.org/wiki/Neko_(programming_language),neko
418,Nemerle,Nemerle,https://en.wikipedia.org/wiki/Nemerle,nemerle
419,nesC,NesC,https://en.wikipedia.org/wiki/NesC,nesc
420,NESL,NESL,https://en.wikipedia.org/wiki/NESL,nesl
421,Net.Data,Net.Data,https://en.wikipedia.org/wiki/Net.Data,net.data
422,NetLogo,NetLogo,https://en.wikipedia.org/wiki/NetLogo,netlogo
423,NetRexx,NetRexx,https://en.wikipedia.org/wiki/NetRexx,netrexx
424,NewLISP,NewLISP,https://en.wikipedia.org/wiki/NewLISP,newlisp
425,NEWP,NEWP,https://en.wikipedia.org/wiki/NEWP,newp
426,Newspeak,Newspeak (programming language),https://en.wikipedia.org/wiki/Newspeak_(programming_language),newspeak
427,NewtonScript,NewtonScript,https://en.wikipedia.org/wiki/NewtonScript,newtonscript
428,Nial,Nial,https://en.wikipedia.org/wiki/Nial,nial
429,Nice,Nice (programming language),https://en.wikipedia.org/wiki/Nice_(programming_language),nice
430,Nickle,Nickle (programming language),https://en.wikipedia.org/wiki/Nickle_(programming_language),nickle
431,NITIN,Nickle (programming language),https://en.wikipedia.org/wiki/Nickle_(programming_language),nitin
432,Nim,Nim (programming language),https://en.wikipedia.org/wiki/Nim_(programming_language),nim
433,NPL,NORD Programming Language,https://en.wikipedia.org/wiki/NORD_Programming_Language,npl
434,Not eXactly C,Not eXactly C,https://en.wikipedia.org/wiki/Not_eXactly_C,not exactly c
435,Not Quite C,Not Quite C,https://en.wikipedia.org/wiki/Not_Quite_C,not quite c
436,NSIS,Nullsoft Scriptable Install System,https://en.wikipedia.org/wiki/Nullsoft_Scriptable_Install_System,nsis
437,Nu,Nu (programming language),https://en.wikipedia.org/wiki/Nu_(programming_language),nu
438,NWScript,NWScript,https://en.wikipedia.org/wiki/NWScript,nwscript
439,NXT-G,NXT-G,https://en.wikipedia.org/wiki/NXT-G,nxt-g
440,o:XML,O:XML,https://en.wikipedia.org/wiki/O:XML,o:xml
441,Oak,Oak (programming language),https://en.wikipedia.org/wiki/Oak_(programming_language),oak
442,Oberon,Oberon (programming language),https://en.wikipedia.org/wiki/Oberon_(programming_language),oberon
443,OBJ2,OBJ2,https://en.wikipedia.org/wiki/OBJ2,obj2
444,Object Lisp,Object Lisp,https://en.wikipedia.org/wiki/Object_Lisp,object lisp
445,ObjectLOGO,ObjectLOGO,https://en.wikipedia.org/wiki/ObjectLOGO,objectlogo
446,Object REXX,Object REXX,https://en.wikipedia.org/wiki/Object_REXX,object rexx
447,Object Pascal,Object Pascal,https://en.wikipedia.org/wiki/Object_Pascal,object pascal
448,Objective-C,Objective-C,https://en.wikipedia.org/wiki/Objective-C,objective-c
449,Objective-J,Objective-J,https://en.wikipedia.org/wiki/Objective-J,objective-j
450,Obliq,Obliq,https://en.wikipedia.org/wiki/Obliq,obliq
451,OCaml,OCaml,https://en.wikipedia.org/wiki/OCaml,ocaml
452,occam,Occam (programming language),https://en.wikipedia.org/wiki/Occam_(programming_language),occam
453,occam-π,Occam-π,https://en.wikipedia.org/wiki/Occam-%CF%80,occam-π
454,Octave,GNU Octave,https://en.wikipedia.org/wiki/GNU_Octave,octave
455,OmniMark,OmniMark,https://en.wikipedia.org/wiki/OmniMark,omnimark
456,Onyx,Onyx (programming language),https://en.wikipedia.org/wiki/Onyx_(programming_language),onyx
457,Opa,Opa (programming language),https://en.wikipedia.org/wiki/Opa_(programming_language),opa
458,Opal,Opal (programming language),https://en.wikipedia.org/wiki/Opal_(programming_language),opal
459,OpenCL,OpenCL,https://en.wikipedia.org/wiki/OpenCL,opencl
460,OpenEdge ABL,OpenEdge Advanced Business Language,https://en.wikipedia.org/wiki/OpenEdge_Advanced_Business_Language,openedge abl
461,OPL,Open Programming Language,https://en.wikipedia.org/wiki/Open_Programming_Language,opl
462,OpenVera,OpenVera,https://en.wikipedia.org/wiki/OpenVera,openvera
463,OPS5,OPS5,https://en.wikipedia.org/wiki/OPS5,ops5
464,OptimJ,OptimJ,https://en.wikipedia.org/wiki/OptimJ,optimj
465,Orc,Orc (programming language),https://en.wikipedia.org/wiki/Orc_(programming_language),orc
466,ORCA/Modula-2,ORCA/Modula-2,https://en.wikipedia.org/wiki/ORCA/Modula-2,orca/modula-2
467,Oriel,Oriel (scripting language),https://en.wikipedia.org/wiki/Oriel_(scripting_language),oriel
468,Orwell,Orwell (programming language),https://en.wikipedia.org/wiki/Orwell_(programming_language),orwell
469,Oxygene,Oxygene (programming language),https://en.wikipedia.org/wiki/Oxygene_(programming_language),oxygene
470,Oz,Oz (programming language),https://en.wikipedia.org/wiki/Oz_(programming_language),oz
471,P,P (programming language),https://en.wikipedia.org/wiki/P_(programming_language),p
472,P′′,P′′,https://en.wikipedia.org/wiki/P%E2%80%B2%E2%80%B2,p′′
473,P#,P Sharp,https://en.wikipedia.org/wiki/P_Sharp,p#
474,ParaSail (programming language),ParaSail (programming language),https://en.wikipedia.org/wiki/ParaSail_(programming_language),parasail (programming language)
475,PARI/GP,PARI/GP,https://en.wikipedia.org/wiki/PARI/GP,pari/gp
476,Pascal,Pascal (programming language),https://en.wikipedia.org/wiki/Pascal_(programming_language),pascal
477,PCASTL,PCASTL,https://en.wikipedia.org/wiki/PCASTL,pcastl
478,PCF,Programming language for Computable Functions,https://en.wikipedia.org/wiki/Programming_language_for_Computable_Functions,pcf
479,PEARL,PEARL (programming language),https://en.wikipedia.org/wiki/PEARL_(programming_language),pearl
480,PeopleCode,PeopleCode,https://en.wikipedia.org/wiki/PeopleCode,peoplecode
481,Perl,Perl,https://en.wikipedia.org/wiki/Perl,perl
482,PDL,Perl Data Language,https://en.wikipedia.org/wiki/Perl_Data_Language,pdl
483,Perl 6,Perl 6,https://en.wikipedia.org/wiki/Perl_6,perl 6
484,Pharo,Pharo,https://en.wikipedia.org/wiki/Pharo,pharo
485,PHP,PHP,https://en.wikipedia.org/wiki/PHP,php
486,Pico,Pico (programming language),https://en.wikipedia.org/wiki/Pico_(programming_language),pico
487,Picolisp,Picolisp,https://en.wikipedia.org/wiki/Picolisp,picolisp
488,Pict,Pict (programming language),https://en.wikipedia.org/wiki/Pict_(programming_language),pict
489,Pig (programming tool),Pig (programming tool),https://en.wikipedia.org/wiki/Pig_(programming_tool),pig (programming tool)
490,Pike,Pike (programming language),https://en.wikipedia.org/wiki/Pike_(programming_language),pike
491,PIKT,PIKT,https://en.wikipedia.org/wiki/PIKT,pikt
492,PILOT,PILOT,https://en.wikipedia.org/wiki/PILOT,pilot
493,Pipelines,Hartmann pipeline,https://en.wikipedia.org/wiki/Hartmann_pipeline,pipelines
494,Pizza,Pizza (programming language),https://en.wikipedia.org/wiki/Pizza_(programming_language),pizza
495,PL-11,PL-11,https://en.wikipedia.org/wiki/PL-11,pl-11
496,PL/0,PL/0,https://en.wikipedia.org/wiki/PL/0,pl/0
497,PL/B,Programming Language for Business,https://en.wikipedia.org/wiki/Programming_Language_for_Business,pl/b
498,PL/C,PL/C,https://en.wikipedia.org/wiki/PL/C,pl/c
499,PL/I,PL/I,https://en.wikipedia.org/wiki/PL/I,pl/i
500,PL/M,PL/M,https://en.wikipedia.org/wiki/PL/M,pl/m
501,PL/P,PL/P,https://en.wikipedia.org/wiki/PL/P,pl/p
502,PL/SQL,PL/SQL,https://en.wikipedia.org/wiki/PL/SQL,pl/sql
503,PL360,PL360,https://en.wikipedia.org/wiki/PL360,pl360
504,PLANC,PLANC,https://en.wikipedia.org/wiki/PLANC,planc
505,munoz,Munoz,https://en.wikipedia.org/wiki/Munoz,munoz
506,Plankalkül,Plankalkül,https://en.wikipedia.org/wiki/Plankalk%C3%BCl,plankalkül
507,Planner,Planner (programming language),https://en.wikipedia.org/wiki/Planner_(programming_language),planner
508,PLEX,PLEX (programming language),https://en.wikipedia.org/wiki/PLEX_(programming_language),plex
509,PLEXIL,PLEXIL,https://en.wikipedia.org/wiki/PLEXIL,plexil
510,Plus,Plus (programming language),https://en.wikipedia.org/wiki/Plus_(programming_language),plus
511,POP-11,POP-11,https://en.wikipedia.org/wiki/POP-11,pop-11
512,POP-2,POP-2,https://en.wikipedia.org/wiki/POP-2,pop-2
513,PostScript,PostScript,https://en.wikipedia.org/wiki/PostScript,postscript
514,PortablE,Amiga E,https://en.wikipedia.org/wiki/Amiga_E#PortablE,portable
515,Powerhouse,Powerhouse (programming language),https://en.wikipedia.org/wiki/Powerhouse_(programming_language),powerhouse
516,PowerBuilder,PowerBuilder,https://en.wikipedia.org/wiki/PowerBuilder,powerbuilder
517,PowerShell,PowerShell,https://en.wikipedia.org/wiki/PowerShell,powershell
518,PPL,Polymorphic Programming Language,https://en.wikipedia.org/wiki/Polymorphic_Programming_Language,ppl
519,Processing,Processing (programming language),https://en.wikipedia.org/wiki/Processing_(programming_language),processing
520,Processing.js,Processing.js,https://en.wikipedia.org/wiki/Processing.js,processing.js
521,Prograph,Prograph,https://en.wikipedia.org/wiki/Prograph,prograph
522,PROIV,PROIV,https://en.wikipedia.org/wiki/PROIV,proiv
523,Prolog,Prolog,https://en.wikipedia.org/wiki/Prolog,prolog
524,PROMAL,PROMAL,https://en.wikipedia.org/wiki/PROMAL,promal
525,Promela,Promela,https://en.wikipedia.org/wiki/Promela,promela
526,PROSE modeling language,PROSE modeling language,https://en.wikipedia.org/wiki/PROSE_modeling_language,prose modeling language
527,PROTEL,Protel,https://en.wikipedia.org/wiki/Protel,protel
528,ProvideX,ProvideX,https://en.wikipedia.org/wiki/ProvideX,providex
529,Pro*C,Pro*C,https://en.wikipedia.org/wiki/Pro*C,pro*c
530,Pure,Pure (programming language),https://en.wikipedia.org/wiki/Pure_(programming_language),pure
531,PureBasic,PureBasic,https://en.wikipedia.org/wiki/PureBasic,purebasic
532,Pure Data,Pure Data,https://en.wikipedia.org/wiki/Pure_Data,pure data
533,Python,Python (programming language),https://en.wikipedia.org/wiki/Python_(programming_language),python
534,PAWN (MIVHI sef pe jade),PAWN (MIVHI sef pe jade) (page does not exist),https://en.wikipedia.org/w/index.php?title=PAWN_(MIVHI_sef_pe_jade)&action=edit&redlink=1,pawn (mivhi sef pe jade)
535,Q (equational programming language),Q (equational programming language),https://en.wikipedia.org/wiki/Q_(equational_programming_language),q (equational programming language)
536,Q (programming language from Kx Systems),Q (programming language from Kx Systems),https://en.wikipedia.org/wiki/Q_(programming_language_from_Kx_Systems),q (programming language from kx systems)
537,Q# (Microsoft programming language),Q Sharp,https://en.wikipedia.org/wiki/Q_Sharp,q# (microsoft programming language)
538,Qalb,Qalb (programming language),https://en.wikipedia.org/wiki/Qalb_(programming_language),qalb
539,QtScript,QtScript,https://en.wikipedia.org/wiki/QtScript,qtscript
540,QuakeC,QuakeC,https://en.wikipedia.org/wiki/QuakeC,quakec
541,QPL,Quantum programming,https://en.wikipedia.org/wiki/Quantum_programming,qpl
542,R,R (programming language),https://en.wikipedia.org/wiki/R_(programming_language),r
543,R++,R++,https://en.wikipedia.org/wiki/R%2B%2B,r++
544,Racket,Racket (programming language),https://en.wikipedia.org/wiki/Racket_(programming_language),racket
545,RAPID,RAPID,https://en.wikipedia.org/wiki/RAPID,rapid
546,Rapira,Rapira,https://en.wikipedia.org/wiki/Rapira,rapira
547,Ratfiv,Ratfiv,https://en.wikipedia.org/wiki/Ratfiv,ratfiv
548,Ratfor,Ratfor,https://en.wikipedia.org/wiki/Ratfor,ratfor
549,rc,Rc,https://en.wikipedia.org/wiki/Rc,rc
550,REBOL,REBOL,https://en.wikipedia.org/wiki/REBOL,rebol
551,Red,Red (programming language),https://en.wikipedia.org/wiki/Red_(programming_language),red
552,Redcode,Core War,https://en.wikipedia.org/wiki/Core_War,redcode
553,REFAL,REFAL,https://en.wikipedia.org/wiki/REFAL,refal
554,Reia,Reia (programming language),https://en.wikipedia.org/wiki/Reia_(programming_language),reia
555,REXX,REXX,https://en.wikipedia.org/wiki/REXX,rexx
556,Ring,Ring (programming language),https://en.wikipedia.org/wiki/Ring_(programming_language),ring
557,Rlab,Rlab,https://en.wikipedia.org/wiki/Rlab,rlab
558,ROOP,ROOP (programming language),https://en.wikipedia.org/wiki/ROOP_(programming_language),roop
559,RPG,IBM RPG,https://en.wikipedia.org/wiki/IBM_RPG,rpg
560,RPL,RPL (programming language),https://en.wikipedia.org/wiki/RPL_(programming_language),rpl
561,RSL,Robot Battle,https://en.wikipedia.org/wiki/Robot_Battle#Robot_scripting_language,rsl
562,RTL/2,RTL/2,https://en.wikipedia.org/wiki/RTL/2,rtl/2
563,Ruby,Ruby (programming language),https://en.wikipedia.org/wiki/Ruby_(programming_language),ruby
564,RuneScript,RuneScript,https://en.wikipedia.org/wiki/RuneScript,runescript
565,Rust,Rust (programming language),https://en.wikipedia.org/wiki/Rust_(programming_language),rust
566,S,S (programming language),https://en.wikipedia.org/wiki/S_(programming_language),s
567,S2,S2 (programming language),https://en.wikipedia.org/wiki/S2_(programming_language),s2
568,S3,S3 (programming language),https://en.wikipedia.org/wiki/S3_(programming_language),s3
569,S-Lang,S-Lang (programming language),https://en.wikipedia.org/wiki/S-Lang_(programming_language),s-lang
570,S-PLUS,S-PLUS,https://en.wikipedia.org/wiki/S-PLUS,s-plus
571,SA-C,SA-C (programming language),https://en.wikipedia.org/wiki/SA-C_(programming_language),sa-c
572,SabreTalk,SabreTalk,https://en.wikipedia.org/wiki/SabreTalk,sabretalk
573,SAIL,SAIL (programming language),https://en.wikipedia.org/wiki/SAIL_(programming_language),sail
574,SALSA,SALSA (programming language),https://en.wikipedia.org/wiki/SALSA_(programming_language),salsa
575,SAM76,SAM76,https://en.wikipedia.org/wiki/SAM76,sam76
576,SAS,SAS System,https://en.wikipedia.org/wiki/SAS_System,sas
577,SASL,SASL (programming language),https://en.wikipedia.org/wiki/SASL_(programming_language),sasl
578,Sather,Sather,https://en.wikipedia.org/wiki/Sather,sather
579,Sawzall,Sawzall (programming language),https://en.wikipedia.org/wiki/Sawzall_(programming_language),sawzall
580,SBL,Superbase database,https://en.wikipedia.org/wiki/Superbase_database,sbl
581,Scala,Scala (programming language),https://en.wikipedia.org/wiki/Scala_(programming_language),scala
582,Scheme,Scheme (programming language),https://en.wikipedia.org/wiki/Scheme_(programming_language),scheme
583,Scilab,Scilab,https://en.wikipedia.org/wiki/Scilab,scilab
584,Script.NET,Script.NET,https://en.wikipedia.org/wiki/Script.NET,script.net
585,Sed,Sed,https://en.wikipedia.org/wiki/Sed,sed
586,Seed7,Seed7,https://en.wikipedia.org/wiki/Seed7,seed7
587,Self,Self (programming language),https://en.wikipedia.org/wiki/Self_(programming_language),self
588,SenseTalk,SenseTalk,https://en.wikipedia.org/wiki/SenseTalk,sensetalk
589,SequenceL,SequenceL,https://en.wikipedia.org/wiki/SequenceL,sequencel
590,Serpent,Ethereum,https://en.wikipedia.org/wiki/Ethereum#Programming_languages,serpent
591,SETL,SETL,https://en.wikipedia.org/wiki/SETL,setl
592,SIMPOL,Superbase database,https://en.wikipedia.org/wiki/Superbase_database#History,simpol
593,SIGNAL,SIGNAL (programming language),https://en.wikipedia.org/wiki/SIGNAL_(programming_language),signal
594,SiMPLE,SiMPLE,https://en.wikipedia.org/wiki/SiMPLE,simple
595,SIMSCRIPT,SIMSCRIPT,https://en.wikipedia.org/wiki/SIMSCRIPT,simscript
596,Simula,Simula,https://en.wikipedia.org/wiki/Simula,simula
597,Simulink,Simulink,https://en.wikipedia.org/wiki/Simulink,simulink
598,Singularity,Singularity (operating system),https://en.wikipedia.org/wiki/Singularity_(operating_system),singularity
599,SISAL,SISAL,https://en.wikipedia.org/wiki/SISAL,sisal
600,SLIP,SLIP (programming language),https://en.wikipedia.org/wiki/SLIP_(programming_language),slip
601,SMALL,SMALL,https://en.wikipedia.org/wiki/SMALL,small
602,Scratch,Scratch (programming language),https://en.wikipedia.org/wiki/Scratch_(programming_language),scratch
603,Smalltalk,Smalltalk,https://en.wikipedia.org/wiki/Smalltalk,smalltalk
604,SML,Standard ML,https://en.wikipedia.org/wiki/Standard_ML,sml
605,Strongtalk,Strongtalk,https://en.wikipedia.org/wiki/Strongtalk,strongtalk
606,Snap!,Snap! (programming language),https://en.wikipedia.org/wiki/Snap!_(programming_language),snap!
607,SNOBOL,SNOBOL,https://en.wikipedia.org/wiki/SNOBOL,snobol
608,SPITBOL,SPITBOL compiler,https://en.wikipedia.org/wiki/SPITBOL_compiler,spitbol
609,Snowball,Snowball programming language,https://en.wikipedia.org/wiki/Snowball_programming_language,snowball
610,SOL,Secure Operations Language,https://en.wikipedia.org/wiki/Secure_Operations_Language,sol
611,Solidity,Solidity,https://en.wikipedia.org/wiki/Solidity,solidity
612,SOPHAEROS,SOPHAEROS,https://en.wikipedia.org/wiki/SOPHAEROS,sophaeros
613,SPARK,SPARK (programming language),https://en.wikipedia.org/wiki/SPARK_(programming_language),spark
614,Speedcode,Speedcoding,https://en.wikipedia.org/wiki/Speedcoding,speedcode
615,SPIN,Parallax Propeller,https://en.wikipedia.org/wiki/Parallax_Propeller,spin
616,SP/k,SP/k,https://en.wikipedia.org/wiki/SP/k,sp/k
617,SPS,IBM 1401 Symbolic Programming System,https://en.wikipedia.org/wiki/IBM_1401_Symbolic_Programming_System,sps
618,SQR,SQR,https://en.wikipedia.org/wiki/SQR,sqr
619,Squeak,Squeak,https://en.wikipedia.org/wiki/Squeak,squeak
620,Squirrel,Squirrel (programming language),https://en.wikipedia.org/wiki/Squirrel_(programming_language),squirrel
621,SR,SR (programming language),https://en.wikipedia.org/wiki/SR_(programming_language),sr
622,S/SL,S/SL programming language,https://en.wikipedia.org/wiki/S/SL_programming_language,s/sl
623,Stackless Python,Stackless Python,https://en.wikipedia.org/wiki/Stackless_Python,stackless python
624,Starlogo,Starlogo,https://en.wikipedia.org/wiki/Starlogo,starlogo
625,Strand,Strand (programming language),https://en.wikipedia.org/wiki/Strand_(programming_language),strand
626,Stata,Stata,https://en.wikipedia.org/wiki/Stata,stata
627,Stateflow,Stateflow,https://en.wikipedia.org/wiki/Stateflow,stateflow
628,Subtext,Subtext (programming language),https://en.wikipedia.org/wiki/Subtext_(programming_language),subtext
629,SuperCollider,SuperCollider,https://en.wikipedia.org/wiki/SuperCollider,supercollider
630,SuperTalk,SuperTalk,https://en.wikipedia.org/wiki/SuperTalk,supertalk
631,Swift (Apple programming language),Swift (programming language),https://en.wikipedia.org/wiki/Swift_(programming_language),swift (apple programming language)
632,Swift (parallel scripting language),Swift (parallel scripting language),https://en.wikipedia.org/wiki/Swift_(parallel_scripting_language),swift (parallel scripting language)
633,SYMPL,SYMPL,https://en.wikipedia.org/wiki/SYMPL,sympl
634,SystemVerilog,SystemVerilog,https://en.wikipedia.org/wiki/SystemVerilog,systemverilog
635,T,T (programming language),https://en.wikipedia.org/wiki/T_(programming_language),t
636,TACL,TACL,https://en.wikipedia.org/wiki/TACL,tacl
637,TACPOL,TACPOL (programming language),https://en.wikipedia.org/wiki/TACPOL_(programming_language),tacpol
638,TADS,TADS,https://en.wikipedia.org/wiki/TADS,tads
639,TAL,Transaction Application Language,https://en.wikipedia.org/wiki/Transaction_Application_Language,tal
640,Tcl,Tcl,https://en.wikipedia.org/wiki/Tcl,tcl
641,Tea,Tea (programming language),https://en.wikipedia.org/wiki/Tea_(programming_language),tea
642,TECO,Text Editor and Corrector,https://en.wikipedia.org/wiki/Text_Editor_and_Corrector,teco
643,TELCOMP,TELCOMP,https://en.wikipedia.org/wiki/TELCOMP,telcomp
644,TeX,TeX,https://en.wikipedia.org/wiki/TeX,tex
645,TEX,Text Executive Programming Language,https://en.wikipedia.org/wiki/Text_Executive_Programming_Language,tex
646,TIE,Tensilica Instruction Extension,https://en.wikipedia.org/wiki/Tensilica_Instruction_Extension,tie
647,Timber,Timber (programming language),https://en.wikipedia.org/wiki/Timber_(programming_language),timber
648,TMG,TMG (language),https://en.wikipedia.org/wiki/TMG_(language),tmg
649,Tom,Tom (pattern matching language),https://en.wikipedia.org/wiki/Tom_(pattern_matching_language),tom
650,TOM,TOM (object-oriented programming language),https://en.wikipedia.org/wiki/TOM_(object-oriented_programming_language),tom
651,Toi,Toi (programming language),https://en.wikipedia.org/wiki/Toi_(programming_language),toi
652,Topspeed,Clarion (programming language),https://en.wikipedia.org/wiki/Clarion_(programming_language),topspeed
653,TPU,Text Processing Utility,https://en.wikipedia.org/wiki/Text_Processing_Utility,tpu
654,Trac,TRAC (programming language),https://en.wikipedia.org/wiki/TRAC_(programming_language),trac
655,TTM,TTM (programming language),https://en.wikipedia.org/wiki/TTM_(programming_language),ttm
656,T-SQL,Transact-SQL,https://en.wikipedia.org/wiki/Transact-SQL,t-sql
657,Transcript,Transcript (programming language),https://en.wikipedia.org/wiki/Transcript_(programming_language),transcript
658,TTCN,TTCN,https://en.wikipedia.org/wiki/TTCN,ttcn
659,Turing,Turing (programming language),https://en.wikipedia.org/wiki/Turing_(programming_language),turing
660,TUTOR,TUTOR (programming language),https://en.wikipedia.org/wiki/TUTOR_(programming_language),tutor
661,TXL,TXL (programming language),https://en.wikipedia.org/wiki/TXL_(programming_language),txl
662,TypeScript,TypeScript,https://en.wikipedia.org/wiki/TypeScript,typescript
663,Tynker,Tynker,https://en.wikipedia.org/wiki/Tynker,tynker
664,Ubercode,Ubercode,https://en.wikipedia.org/wiki/Ubercode,ubercode
665,UCSD Pascal,UCSD Pascal,https://en.wikipedia.org/wiki/UCSD_Pascal,ucsd pascal
666,Umple,Umple,https://en.wikipedia.org/wiki/Umple,umple
667,Unicon,Unicon (programming language),https://en.wikipedia.org/wiki/Unicon_(programming_language),unicon
668,Uniface,Uniface (programming language),https://en.wikipedia.org/wiki/Uniface_(programming_language),uniface
669,UNITY,UNITY (programming language),https://en.wikipedia.org/wiki/UNITY_(programming_language),unity
670,Unix shell,Unix shell,https://en.wikipedia.org/wiki/Unix_shell,unix shell
671,UnrealScript,UnrealScript,https://en.wikipedia.org/wiki/UnrealScript,unrealscript
672,UranLang,UranLang (page does not exist),https://en.wikipedia.org/w/index.php?title=UranLang&action=edit&redlink=1,uranlang
673,Vala,Vala (programming language),https://en.wikipedia.org/wiki/Vala_(programming_language),vala
674,Verilog,Verilog,https://en.wikipedia.org/wiki/Verilog,verilog
675,VHDL,VHDL,https://en.wikipedia.org/wiki/VHDL,vhdl
676,Viper,Ethereum,https://en.wikipedia.org/wiki/Ethereum#Smart_contracts,viper
677,Visual Basic,Visual Basic,https://en.wikipedia.org/wiki/Visual_Basic,visual basic
678,Visual Basic .NET,Visual Basic .NET,https://en.wikipedia.org/wiki/Visual_Basic_.NET,visual basic .net
679,Visual DataFlex,Visual DataFlex,https://en.wikipedia.org/wiki/Visual_DataFlex,visual dataflex
680,Visual DialogScript,Visual DialogScript,https://en.wikipedia.org/wiki/Visual_DialogScript,visual dialogscript
681,Visual Fortran,Visual Fortran,https://en.wikipedia.org/wiki/Visual_Fortran,visual fortran
682,Visual FoxPro,Visual FoxPro,https://en.wikipedia.org/wiki/Visual_FoxPro,visual foxpro
683,Visual J++,Visual J++,https://en.wikipedia.org/wiki/Visual_J%2B%2B,visual j++
684,Visual J#,Visual J,https://en.wikipedia.org/wiki/Visual_J,visual j#
685,Visual LISP,AutoLISP,https://en.wikipedia.org/wiki/AutoLISP,visual lisp
686,Visual Objects,Visual Objects,https://en.wikipedia.org/wiki/Visual_Objects,visual objects
687,Visual Prolog,Visual Prolog,https://en.wikipedia.org/wiki/Visual_Prolog,visual prolog
688,VSXu,VSXu,https://en.wikipedia.org/wiki/VSXu,vsxu
689,vvvv,Vvvv,https://en.wikipedia.org/wiki/Vvvv,vvvv
690,"WATFIV, WATFOR",WATFIV (programming language),https://en.wikipedia.org/wiki/WATFIV_(programming_language),"watfiv, watfor"
691,WebDNA,WebDNA,https://en.wikipedia.org/wiki/WebDNA,webdna
692,WebQL,WebQL,https://en.wikipedia.org/wiki/WebQL,webql
693,Whiley,Whiley (programming language),https://en.wikipedia.org/wiki/Whiley_(programming_language),whiley
694,Winbatch,Winbatch,https://en.wikipedia.org/wiki/Winbatch,winbatch
695,Wolfram Language,Wolfram Language,https://en.wikipedia.org/wiki/Wolfram_Language,wolfram language
696,Wyvern,Wyvern (programming language),https://en.wikipedia.org/wiki/Wyvern_(programming_language),wyvern
697,X++,X++,https://en.wikipedia.org/wiki/X%2B%2B,x++
698,X10,X10 (programming language),https://en.wikipedia.org/wiki/X10_(programming_language),x10
699,XBL,XBL,https://en.wikipedia.org/wiki/XBL,xbl
700,XC,XC Programming Language,https://en.wikipedia.org/wiki/XC_Programming_Language,xc
701,XMOS architecture,XCore XS1,https://en.wikipedia.org/wiki/XCore_XS1,xmos architecture
702,xHarbour,XHarbour,https://en.wikipedia.org/wiki/XHarbour,xharbour
703,XL,XL (programming language),https://en.wikipedia.org/wiki/XL_(programming_language),xl
704,Xojo,Xojo,https://en.wikipedia.org/wiki/Xojo,xojo
705,XOTcl,XOTcl,https://en.wikipedia.org/wiki/XOTcl,xotcl
706,XPL,XPL,https://en.wikipedia.org/wiki/XPL,xpl
707,XPL0,XPL0,https://en.wikipedia.org/wiki/XPL0,xpl0
708,XQuery,XQuery,https://en.wikipedia.org/wiki/XQuery,xquery
709,XSB,XSB,https://en.wikipedia.org/wiki/XSB,xsb
710,XSharp,XSharp,https://en.wikipedia.org/wiki/XSharp,xsharp
711,XSLT,XSL Transformations,https://en.wikipedia.org/wiki/XSL_Transformations,xslt
712,XPath,XPath,https://en.wikipedia.org/wiki/XPath,xpath
713,Xtend,Xtend,https://en.wikipedia.org/wiki/Xtend,xtend
714,Yorick,Yorick (programming language),https://en.wikipedia.org/wiki/Yorick_(programming_language),yorick
715,YQL,YQL (programming language),https://en.wikipedia.org/wiki/YQL_(programming_language),yql
716,Yoix,Yoix,https://en.wikipedia.org/wiki/Yoix,yoix
717,Z notation,Z notation,https://en.wikipedia.org/wiki/Z_notation,z notation
718,"Zebra, ZPL, ZPL2",Zebra (programming language),https://en.wikipedia.org/wiki/Zebra_(programming_language),"zebra, zpl, zpl2"
719,Zeno,Zeno (programming language),https://en.wikipedia.org/wiki/Zeno_(programming_language),zeno
720,ZetaLisp,ZetaLisp,https://en.wikipedia.org/wiki/ZetaLisp,zetalisp
721,ZOPL,ZOPL,https://en.wikipedia.org/wiki/ZOPL,zopl
722,Zsh,Z shell,https://en.wikipedia.org/wiki/Z_shell,zsh
723,ZPL,ZPL (programming language),https://en.wikipedia.org/wiki/ZPL_(programming_language),zpl
724,Z++,Z++,https://en.wikipedia.org/wiki/Z%2B%2B,z++
